-- phpMyAdmin SQL Dump
-- version 3.5.6
-- http://www.phpmyadmin.net
--
-- 主机: localhost
-- 生成日期: 2014 年 04 月 12 日 15:45
-- 服务器版本: 5.5.29-0ubuntu0.12.04.1
-- PHP 版本: 5.3.10-1ubuntu3.9

SET SQL_MODE="NO_AUTO_VALUE_ON_ZERO";
SET time_zone = "+00:00";


/*!40101 SET @OLD_CHARACTER_SET_CLIENT=@@CHARACTER_SET_CLIENT */;
/*!40101 SET @OLD_CHARACTER_SET_RESULTS=@@CHARACTER_SET_RESULTS */;
/*!40101 SET @OLD_COLLATION_CONNECTION=@@COLLATION_CONNECTION */;
/*!40101 SET NAMES utf8 */;

--
-- 数据库: `tiny_flower`
--

-- --------------------------------------------------------

--
-- 表的结构 `cheat_log`
--

CREATE TABLE IF NOT EXISTS `cheat_log` (
  `user_id` int(11) NOT NULL,
  `cheat_type` smallint(6) NOT NULL COMMENT '1.购买.2.未定义',
  `cheat_detail` varchar(255) NOT NULL,
  `timestamp` int(11) NOT NULL,
  KEY `user_id` (`user_id`)
) ENGINE=MyISAM DEFAULT CHARSET=utf8;

-- --------------------------------------------------------

--
-- 表的结构 `game_info`
--

CREATE TABLE IF NOT EXISTS `game_info` (
  `platform_id` int(11) NOT NULL AUTO_INCREMENT COMMENT '平台: 1. ios, 2.android',
  `update_available` tinyint(4) NOT NULL DEFAULT '0',
  `download_url` varchar(256) NOT NULL COMMENT '下载地址',
  PRIMARY KEY (`platform_id`)
) ENGINE=MyISAM  DEFAULT CHARSET=utf8 COMMENT='系统信息' AUTO_INCREMENT=4 ;

--
-- 转存表中的数据 `game_info`
--

INSERT INTO `game_info` (`platform_id`, `update_available`, `download_url`) VALUES
(1, 0, 'http://www.baidu.com/?platform_id=ios'),
(2, 0, 'http://www.baidu.com/?platform_id=android'),
(3, 0, 'http://www.baidu.com/?platform_id=win32');

-- --------------------------------------------------------

--
-- 表的结构 `iap_info`
--

CREATE TABLE IF NOT EXISTS `iap_info` (
  `product_id` varchar(63) NOT NULL DEFAULT '',
  `product_name` varchar(63) CHARACTER SET utf8 COLLATE utf8_bin NOT NULL,
  `product_desc` varchar(63) CHARACTER SET utf8 COLLATE utf8_bin NOT NULL,
  `product_price` float NOT NULL,
  `dollar` float NOT NULL COMMENT '美元',
  PRIMARY KEY (`product_id`)
) ENGINE=MyISAM DEFAULT CHARSET=utf8;

--
-- 转存表中的数据 `iap_info`
--

INSERT INTO `iap_info` (`product_id`, `product_name`, `product_desc`, `product_price`, `dollar`) VALUES
('com.tinyflower.bd10', '蓝钻x10', '10颗金灿灿的蓝钻', 6, 0.99),
('com.tinyflower.bd25', '蓝钻x70', '70颗金灿灿的蓝钻', 30, 4.99),
('com.tinyflower.bd70', '蓝钻x160', '160颗金灿灿的蓝钻', 68, 10.99),
('com.tinyflower.bd160', '蓝钻x499', '499颗金灿灿的蓝钻', 163, 26.99),
('com.tinyflower.bd500', '蓝钻x1100', '1100颗金灿灿的蓝钻', 328, 54.99),
('com.tinyflower.bd10000', '蓝钻x1800', '1800颗金灿灿的蓝钻', 488, 81.99);

-- --------------------------------------------------------

--
-- 表的结构 `transaction_log`
--

CREATE TABLE IF NOT EXISTS `transaction_log` (
  `platform_id` smallint(6) NOT NULL COMMENT '1.ios 2.android',
  `transaction_id` varchar(128) NOT NULL,
  `product_id` varchar(128) NOT NULL,
  `purchase_time` int(11) NOT NULL,
  PRIMARY KEY (`platform_id`,`transaction_id`)
) ENGINE=MyISAM DEFAULT CHARSET=utf8;

--
-- 转存表中的数据 `transaction_log`
--

INSERT INTO `transaction_log` (`platform_id`, `transaction_id`, `product_id`, `purchase_time`) VALUES
(1, '1000000107504670', 'com.tinyflower.bd10', 1344634205),
(1, '1000000107504677', 'com.tinyflower.bd500', 1344643995),
(1, '1000000107501094', 'com.tinyflower.bd10000', 1343678800),
(1, '1000000107515474', 'com.tinyflower.bd10000', 1348402016),
(1, '1000000107556099', 'com.tinyflower.bd10000', 1369241254);

-- --------------------------------------------------------

--
-- 表的结构 `user`
--

CREATE TABLE IF NOT EXISTS `user` (
  `user_id` int(10) unsigned NOT NULL AUTO_INCREMENT COMMENT '用户Id, 0为无效的用户Id',
  `username` varchar(60) CHARACTER SET utf8 COLLATE utf8_bin DEFAULT NULL COMMENT '用户名',
  `password` char(32) DEFAULT NULL COMMENT '用户密码(MD5)',
  `ctime` int(10) unsigned NOT NULL COMMENT '用户创建时间',
  `cip` char(21) NOT NULL COMMENT '创建ip',
  `latest_time` int(10) unsigned NOT NULL DEFAULT '0' COMMENT '最后一次登录时间',
  `latest_ip` char(21) NOT NULL DEFAULT '0.0.0.0' COMMENT '最后一次登录ip',
  `session_id` int(10) unsigned NOT NULL DEFAULT '0' COMMENT '会话Id',
  `role_id` smallint(5) unsigned NOT NULL DEFAULT '1',
  `role_level` smallint(5) unsigned NOT NULL DEFAULT '1',
  `highest_score` int(10) unsigned NOT NULL DEFAULT '0',
  `furthest_distance` int(10) unsigned NOT NULL DEFAULT '0',
  PRIMARY KEY (`user_id`),
  KEY `username` (`username`) COMMENT '用户名排序（唯一获为空）'
) ENGINE=MyISAM  DEFAULT CHARSET=utf8 COMMENT='用户基本表，数据比较稳定' AUTO_INCREMENT=153 ;

--
-- 转存表中的数据 `user`
--

INSERT INTO `user` (`user_id`, `username`, `password`, `ctime`, `cip`, `latest_time`, `latest_ip`, `session_id`, `role_id`, `role_level`, `highest_score`, `furthest_distance`) VALUES
(1, '', '', 1394557555, '192.168.1.199:52782', 1394557555, '192.168.1.199:52782', 28908, 1, 1, 0, 0),
(2, '', '', 1394557555, '192.168.1.199:52782', 1394557555, '192.168.1.199:52782', 28908, 1, 1, 0, 0),
(3, '', '', 1394616500, '192.168.1.19:4448', 1394616500, '192.168.1.19:4448', 28908, 1, 1, 0, 0),
(4, '', '', 1394616596, '192.168.1.19:4456', 1394616596, '192.168.1.19:4456', 28908, 1, 1, 0, 0),
(5, '', '', 1394616798, '192.168.1.19:4485', 1394616798, '192.168.1.19:4485', 28908, 1, 1, 0, 0),
(6, '', '', 1394616937, '192.168.1.19:4493', 1394616937, '192.168.1.19:4493', 28908, 1, 1, 0, 0),
(7, '', '', 1394617014, '192.168.1.19:4495', 1394617014, '192.168.1.19:4495', 28908, 1, 1, 0, 0),
(8, '天地无敌', '', 1394617381, '192.168.1.19:4507', 1394617381, '192.168.1.19:4507', 28908, 1, 1, 0, 0),
(9, '', '', 1394617381, '192.168.1.19:4507', 1394617381, '192.168.1.19:4507', 28908, 1, 1, 0, 0),
(10, '', '', 1394617381, '192.168.1.19:4507', 1394617381, '192.168.1.19:4507', 28908, 1, 1, 0, 0),
(11, '', '', 1394867195, '220.152.128.54:26371', 1394867195, '220.152.128.54:26371', 28908, 1, 1, 0, 0),
(12, '', '', 1394871346, '220.152.128.54:51411', 1394871346, '220.152.128.54:51411', 28908, 1, 1, 0, 0),
(13, '', '', 1394871387, '220.152.128.54:51415', 1394871387, '220.152.128.54:51415', 28908, 1, 1, 0, 0),
(14, '郭小东', '7d43a953308c5089336c5ddc965beaae', 1394874272, '220.152.128.54:51288', 1396108498, '101.105.4.247', 32132, 1, 0, 271, 108),
(0, '小小牵牛花官方团队', '', 1394557555, '192.168.1.199:52782', 1394557555, '192.168.1.199:52782', 28908, 1, 1, 0, 0),
(16, '', '', 1394980648, '123.98.115.152:3074', 1394980648, '123.98.115.152:3074', 28908, 1, 1, 0, 0),
(17, '', '', 1395030303, '116.25.83.28:61366', 1395030303, '116.25.83.28:61366', 28908, 1, 1, 0, 0),
(18, '', '', 1395033216, '116.25.83.28:5175', 1395033216, '116.25.83.28:5175', 28908, 1, 1, 0, 0),
(19, '', '', 1395038122, '116.25.83.28:16739', 1395038122, '116.25.83.28:16739', 28908, 1, 1, 0, 0),
(20, '', '', 1395040562, '116.25.83.28:24078', 1395040562, '116.25.83.28:24078', 28908, 1, 1, 0, 0),
(21, '', '', 1395050545, '116.25.83.28:51008', 1395050545, '116.25.83.28:51008', 28908, 1, 1, 0, 0),
(22, '小二派的', '3f9449d23a847a60beb8b93004fce479', 1395248452, '115.174.81.44:41180', 1397211256, '116.25.80.91', 2094145334, 4, 0, 9746, 1377),
(23, '小二派的2', '3f9449d23a847a60beb8b93004fce479', 1395250703, '115.174.81.44:43052', 1397015957, '116.25.80.91', 1, 1, 1, 0, 0),
(24, '郭小东2', '7d43a953308c5089336c5ddc965beaae', 1395289192, '116.25.65.223', 1395289212, '116.25.65.223', 30565, 1, 1, 0, 0),
(25, '郭小东3', '7d43a953308c5089336c5ddc965beaae', 1395289340, '116.25.65.223', 1395289340, '116.25.65.223', 25742, 1, 1, 0, 0),
(26, '郭小东5', '7d43a953308c5089336c5ddc965beaae', 1395289431, '116.25.65.223', 1395289431, '116.25.65.223', 6031, 1, 1, 0, 0),
(27, '李小龙', 'e10adc3949ba59abbe56e057f20f883e', 1395290270, '116.25.65.223', 1395290270, '116.25.65.223', 9371, 1, 1, 0, 0),
(28, '小二派的3', '3f9449d23a847a60beb8b93004fce479', 1395292635, '116.25.65.223', 1395292675, '116.25.65.223', 31628, 1, 1, 0, 0),
(29, '小二派的4', '3f9449d23a847a60beb8b93004fce479', 1395292844, '116.25.65.223', 1395329153, '115.174.81.44', 23717, 1, 1, 10000, 3000),
(30, '小二派的5', '3f9449d23a847a60beb8b93004fce479', 1395292946, '116.25.65.223', 1395292961, '116.25.65.223', 23819, 1, 1, 0, 0),
(31, '李小龙1', 'e10adc3949ba59abbe56e057f20f883e', 1395306751, '116.25.65.223', 1395490131, '220.152.130.149', 32766, 1, 1, 0, 0),
(32, '78901', 'e10adc3949ba59abbe56e057f20f883e', 1395307556, '116.25.65.223', 1395372112, '116.25.65.223', 28002, 1, 1, 0, 0),
(33, 'gg', '633de4b0c14ca52ea2432a3c8a5c4c31', 1395310940, '116.25.65.223', 1395312334, '116.25.65.223', 32674, 1, 1, 0, 0),
(34, 'gg2', '633de4b0c14ca52ea2432a3c8a5c4c31', 1395312352, '116.25.65.223', 1395376090, '116.25.65.223', 32610, 1, 1, 0, 0),
(35, 'googleplay', 'e10adc3949ba59abbe56e057f20f883e', 1395384155, '192.155.86.113', 1395397673, '116.25.65.223', 32242, 1, 1, 0, 0),
(36, '', '', 1395388503, '116.25.65.223', 1395388503, '116.25.65.223', 0, 1, 1, 0, 0),
(37, '', '', 1395390695, '116.25.65.223', 1395390695, '116.25.65.223', 0, 1, 1, 0, 0),
(38, '', '', 1395393141, '116.25.65.223', 1395393141, '116.25.65.223', 0, 1, 1, 0, 0),
(39, '2624', 'e10adc3949ba59abbe56e057f20f883e', 1395473099, '115.174.89.40', 1395473099, '115.174.89.40', 11867, 1, 1, 0, 0),
(40, '小二派的1135', '3f9449d23a847a60beb8b93004fce479', 1395493078, '220.152.130.149', 1395493078, '220.152.130.149', 23676, 1, 1, 0, 0),
(41, '小二派的96', '3f9449d23a847a60beb8b93004fce479', 1395493919, '220.152.130.149', 1395493958, '220.152.130.149', 24266, 1, 1, 0, 0),
(42, '小二派的97', '3f9449d23a847a60beb8b93004fce479', 1395494810, '220.152.130.149', 1395494849, '220.152.130.149', 19424, 1, 1, 0, 0),
(43, '26243', 'e10adc3949ba59abbe56e057f20f883e', 1395496380, '220.152.130.149', 1395496380, '220.152.130.149', 148, 1, 1, 0, 0),
(44, 'xxx2', '336311a016184326ddbdd61edd4eeb52', 1395652255, '116.25.64.79', 1395652260, '116.25.64.79', 32029, 1, 1, 0, 0),
(45, '', '', 1395826779, '113.116.86.166', 1395826779, '113.116.86.166', 0, 1, 1, 0, 0),
(46, '', '', 1395830743, '113.116.86.166', 1395830743, '113.116.86.166', 0, 1, 1, 0, 0),
(47, '', '', 1395832060, '113.116.86.166', 1395832060, '113.116.86.166', 0, 1, 1, 0, 0),
(48, '', '', 1395915338, '113.116.86.166', 1395915338, '113.116.86.166', 0, 1, 1, 0, 0),
(49, '', '', 1395915602, '113.116.86.166', 1395915602, '113.116.86.166', 0, 1, 1, 0, 0),
(50, '', '', 1395915725, '113.116.86.166', 1395915725, '113.116.86.166', 0, 1, 1, 0, 0),
(51, '', '', 1395915945, '113.116.86.166', 1395915945, '113.116.86.166', 0, 1, 1, 0, 0),
(52, '', '', 1395917156, '113.116.86.166', 1395917156, '113.116.86.166', 0, 1, 1, 0, 0),
(53, '', '', 1395917964, '113.116.86.166', 1395917964, '113.116.86.166', 0, 1, 1, 0, 0),
(54, '逍遥二世', 'e10adc3949ba59abbe56e057f20f883e', 1395918198, '113.116.86.166', 1395923599, '101.232.178.209', 30669, 1, 1, 0, 0),
(55, '逍遥二世2', 'e10adc3949ba59abbe56e057f20f883e', 1395923448, '101.232.178.209', 1395923448, '101.232.178.209', 3403, 1, 1, 0, 0),
(56, '逍遥二世3', 'e10adc3949ba59abbe56e057f20f883e', 1395923467, '101.232.178.209', 1395923467, '101.232.178.209', 20379, 1, 1, 0, 0),
(57, '逍遥二世4', 'e10adc3949ba59abbe56e057f20f883e', 1395923500, '101.232.178.209', 1395923500, '101.232.178.209', 24076, 1, 1, 0, 0),
(58, '逍遥二世5', 'e10adc3949ba59abbe56e057f20f883e', 1395923520, '101.232.178.209', 1395923520, '101.232.178.209', 11985, 1, 1, 0, 0),
(59, '逍遥二世6', 'e10adc3949ba59abbe56e057f20f883e', 1395923542, '101.232.178.209', 1395923542, '101.232.178.209', 23015, 1, 1, 0, 0),
(60, '逍遥二世7', 'e10adc3949ba59abbe56e057f20f883e', 1395923564, '101.232.178.209', 1395923564, '101.232.178.209', 32728, 1, 1, 0, 0),
(61, '', '', 1395974793, '113.116.86.177', 1395974793, '113.116.86.177', 0, 1, 1, 0, 0),
(62, '', '', 1395976031, '113.116.86.177', 1395976031, '113.116.86.177', 0, 1, 1, 0, 0),
(63, 'fdsfds', 'e10adc3949ba59abbe56e057f20f883e', 1395991302, '113.116.86.177', 1396615292, '116.25.82.184', 27233, 3, 0, 8068, 9726),
(64, 'newpad', '3f9449d23a847a60beb8b93004fce479', 1396019371, '122.13.132.11', 1396021010, '122.13.132.11', 25119, 1, 1, 0, 0),
(65, 'bell', 'ffe7a019bc8c991d28b894b9aaac2ff7', 1396083118, '101.105.4.247', 1396083118, '101.105.4.247', 17277, 1, 0, 856, 317),
(66, '小二派的55', '3f9449d23a847a60beb8b93004fce479', 1396090286, '101.105.4.247', 1396090286, '101.105.4.247', 2103, 1, 0, 1486, 570),
(67, '郭小东66', '7d43a953308c5089336c5ddc965beaae', 1396096894, '101.105.4.247', 1396097364, '101.105.4.247', 30485, 1, 0, 188, 93),
(68, '小二派的999', '3f9449d23a847a60beb8b93004fce479', 1396098197, '101.105.4.247', 1396098197, '101.105.4.247', 12752, 1, 1, 0, 0),
(69, '风火轮', 'e10adc3949ba59abbe56e057f20f883e', 1396099427, '101.105.4.247', 1396099427, '101.105.4.247', 7805, 1, 0, 586, 180),
(70, '', '', 1396327478, '116.25.80.62', 1396327478, '116.25.80.62', 0, 1, 0, 1221, 435),
(71, '', '', 1396335926, '116.25.80.62', 1396335926, '116.25.80.62', 0, 1, 0, 11142, 1301),
(72, '', '', 1396338999, '116.25.80.62', 1396338999, '116.25.80.62', 0, 1, 0, 280, 37),
(73, '雷管', '96e79218965eb72c92a549dd5a330112', 1396347335, '116.25.80.62', 1396347335, '116.25.80.62', 30909, 4, 0, 2166, 470),
(74, '', '', 1396407016, '116.25.80.62', 1396407016, '116.25.80.62', 0, 1, 1, 0, 0),
(75, 'xxx', 'e10adc3949ba59abbe56e057f20f883e', 1396407147, '116.25.80.62', 1396409626, '116.25.80.62', 30680, 1, 1, 0, 0),
(76, '', '', 1396407845, '116.25.80.62', 1396407845, '116.25.80.62', 0, 1, 0, 7684, 1333),
(77, '', '', 1396422372, '116.25.80.62', 1396422372, '116.25.80.62', 0, 1, 0, 3534, 627),
(78, '', '', 1396429135, '116.25.80.62', 1396429135, '116.25.80.62', 0, 3, 0, 52719, 10085),
(79, '', '', 1396436638, '116.25.80.62', 1396436638, '116.25.80.62', 0, 1, 0, 149, 16),
(80, '', '', 1396437013, '116.25.80.62', 1396437013, '116.25.80.62', 0, 1, 0, 1035, 161),
(81, '', '', 1396498941, '116.25.82.184', 1396498941, '116.25.82.184', 0, 1, 0, 63, 6),
(82, '', '', 1396499275, '116.25.82.184', 1396499275, '116.25.82.184', 0, 1, 0, 63, 6),
(83, '', '', 1396500434, '116.25.82.184', 1396500434, '116.25.82.184', 0, 1, 0, 42, 4),
(84, '', '', 1396512622, '116.25.82.184', 1396512622, '116.25.82.184', 0, 3, 0, 6801, 1524),
(85, '', '', 1396521593, '116.25.82.184', 1396521593, '116.25.82.184', 0, 1, 1, 0, 0),
(86, '', '', 1396521894, '116.25.82.184', 1396521894, '116.25.82.184', 0, 1, 1, 0, 0),
(87, '', '', 1396521905, '116.25.82.184', 1396521905, '116.25.82.184', 0, 1, 1, 0, 0),
(88, '', '', 1396522033, '116.25.82.184', 1396522033, '116.25.82.184', 0, 1, 1, 0, 0),
(89, '', '', 1396522152, '116.25.82.184', 1396522152, '116.25.82.184', 0, 1, 1, 0, 0),
(90, '', '', 1396522273, '116.25.82.184', 1396522273, '116.25.82.184', 0, 1, 1, 0, 0),
(91, '', '', 1396522452, '116.25.82.184', 1396522452, '116.25.82.184', 0, 1, 0, 3795, 650),
(92, '', '', 1396523313, '116.25.82.184', 1396523313, '116.25.82.184', 0, 1, 1, 0, 0),
(93, '', '', 1396523350, '116.25.82.184', 1396523350, '116.25.82.184', 0, 1, 1, 0, 0),
(94, '', '', 1396523363, '116.25.82.184', 1396523363, '116.25.82.184', 0, 1, 1, 0, 0),
(95, '', '', 1396523404, '116.25.82.184', 1396523404, '116.25.82.184', 0, 1, 1, 0, 0),
(96, '', '', 1396523498, '116.25.82.184', 1396523498, '116.25.82.184', 0, 1, 1, 0, 0),
(97, '', '', 1396524146, '116.25.82.184', 1396524146, '116.25.82.184', 0, 1, 1, 0, 0),
(98, '', '', 1396524151, '116.25.82.184', 1396524151, '116.25.82.184', 0, 1, 1, 0, 0),
(99, '', '', 1396524157, '116.25.82.184', 1396524157, '116.25.82.184', 0, 1, 1, 0, 0),
(100, '', '', 1396524263, '116.25.82.184', 1396524263, '116.25.82.184', 0, 1, 1, 0, 0),
(101, '', '', 1396524384, '116.25.82.184', 1396524384, '116.25.82.184', 0, 1, 1, 0, 0),
(102, '', '', 1396524446, '116.25.82.184', 1396524446, '116.25.82.184', 0, 1, 1, 0, 0),
(103, '', '', 1396525122, '116.25.82.184', 1396525122, '116.25.82.184', 0, 1, 1, 0, 0),
(104, '', '', 1396525505, '116.25.82.184', 1396525505, '116.25.82.184', 0, 1, 1, 0, 0),
(105, '', '', 1396525596, '116.25.82.184', 1396525596, '116.25.82.184', 0, 1, 1, 0, 0),
(106, '', '', 1396525677, '116.25.82.184', 1396525677, '116.25.82.184', 0, 1, 1, 0, 0),
(107, '', '', 1396525728, '116.25.82.184', 1396525728, '116.25.82.184', 0, 1, 1, 0, 0),
(108, '', '', 1396526006, '116.25.82.184', 1396526006, '116.25.82.184', 0, 1, 0, 237, 28),
(109, '', '', 1396526472, '116.25.82.184', 1396526472, '116.25.82.184', 0, 1, 1, 0, 0),
(110, '', '', 1396526832, '116.25.82.184', 1396526832, '116.25.82.184', 0, 1, 1, 0, 0),
(111, '', '', 1396526953, '116.25.82.184', 1396526953, '116.25.82.184', 0, 1, 1, 0, 0),
(112, '', '', 1396527444, '116.25.82.184', 1396527444, '116.25.82.184', 0, 1, 1, 0, 0),
(113, '', '', 1396527848, '116.25.82.184', 1396527848, '116.25.82.184', 0, 1, 1, 0, 0),
(114, '', '', 1396528045, '116.25.82.184', 1396528045, '116.25.82.184', 0, 1, 0, 4532, 937),
(115, '', '', 1396559066, '180.157.192.4', 1396559066, '180.157.192.4', 0, 1, 0, 2088, 567),
(116, '', '', 1396577242, '116.25.82.184', 1396577242, '116.25.82.184', 0, 1, 1, 0, 0),
(117, '', '', 1396580754, '116.25.82.184', 1396580754, '116.25.82.184', 0, 1, 0, 12646, 2139),
(118, '', '', 1396581095, '116.25.82.184', 1396581095, '116.25.82.184', 0, 1, 1, 0, 0),
(119, '', '', 1396597176, '116.25.82.184', 1396597176, '116.25.82.184', 0, 1, 0, 21, 2),
(120, '', '', 1396597555, '116.25.82.184', 1396597555, '116.25.82.184', 0, 1, 0, 185, 31),
(121, '', '', 1396601567, '116.25.82.184', 1396601567, '116.25.82.184', 0, 1, 1, 0, 0),
(122, '', '', 1396602251, '116.25.82.184', 1396602251, '116.25.82.184', 0, 1, 0, 1344, 204),
(123, '', '', 1396604171, '183.140.135.58', 1396604171, '183.140.135.58', 0, 1, 0, 1725, 300),
(124, '', '', 1396608382, '116.25.82.184', 1396608382, '116.25.82.184', 0, 1, 0, 63, 6),
(125, '', '', 1396609377, '116.25.82.184', 1396609377, '116.25.82.184', 0, 1, 1, 0, 0),
(126, 'fdsfdsddd', 'e10adc3949ba59abbe56e057f20f883e', 1396615856, '116.25.82.184', 1396856688, '113.87.48.240', 32567, 1, 0, 10660, 1944),
(127, '', '', 1396625637, '112.97.30.161', 1396625637, '112.97.30.161', 0, 1, 0, 1808, 307),
(128, '', '', 1396635520, '210.79.103.64', 1396635520, '210.79.103.64', 0, 1, 0, 1282, 231),
(129, '', '', 1396670154, '210.79.103.64', 1396670154, '210.79.103.64', 0, 1, 0, 488, 70),
(130, '', '', 1396688490, '183.37.220.225', 1396688490, '183.37.220.225', 0, 1, 1, 0, 0),
(131, '', '', 1396689846, '210.79.103.64', 1396689846, '210.79.103.64', 0, 1, 1, 0, 0),
(132, '', '', 1396690947, '210.79.103.64', 1396690947, '210.79.103.64', 0, 1, 1, 0, 0),
(133, '', '', 1396695601, '210.79.103.64', 1396695601, '210.79.103.64', 0, 1, 0, 1657, 392),
(134, '', '', 1396696073, '183.37.220.225', 1396696073, '183.37.220.225', 0, 1, 0, 3674, 722),
(135, '', '', 1396858825, '113.87.48.240', 1396858825, '113.87.48.240', 0, 1, 1, 0, 0),
(136, '', '', 1396858851, '113.87.48.240', 1396858851, '113.87.48.240', 0, 4, 0, 58783, 4095),
(137, '', '', 1396862869, '113.87.48.240', 1396862869, '113.87.48.240', 0, 1, 1, 0, 0),
(138, '', '', 1396864569, '113.87.48.240', 1396864569, '113.87.48.240', 0, 1, 1, 0, 0),
(139, '', '', 1396865347, '113.87.48.240', 1396865347, '113.87.48.240', 0, 1, 0, 8442, 1658),
(140, '', '', 1396877221, '113.87.48.240', 1396877221, '113.87.48.240', 0, 1, 0, 13836, 2805),
(141, '', '', 1396923817, '113.87.48.240', 1396923817, '113.87.48.240', 0, 1, 0, 21432, 5974),
(142, '', '', 1397031643, '116.25.80.91', 1397031643, '116.25.80.91', 0, 1, 0, 2758, 459),
(143, '', '', 1397037158, '116.25.80.91', 1397037158, '116.25.80.91', 0, 1, 1, 0, 0),
(144, '', '', 1397037434, '116.25.80.91', 1397037434, '116.25.80.91', 0, 1, 0, 522, 66),
(145, '', '', 1397047543, '116.25.80.91', 1397047543, '116.25.80.91', 0, 1, 1, 0, 0),
(147, '', '', 1397108466, '116.25.80.91', 1397108466, '116.25.80.91', 0, 1, 0, 3987, 673),
(146, '', '', 1397094427, '116.25.80.91', 1397094427, '116.25.80.91', 0, 1, 0, 259, 31),
(148, '', '', 1397187813, '116.25.80.91', 1397187813, '116.25.80.91', 0, 4, 0, 8013, 1002),
(149, '', '', 1397206530, '116.25.80.91', 1397206530, '116.25.80.91', 0, 1, 1, 0, 0),
(150, '', '', 1397206711, '116.25.80.91', 1397206711, '116.25.80.91', 0, 1, 0, 1612, 270),
(151, '', '', 1397215960, '116.25.80.91', 1397215960, '116.25.80.91', 0, 1, 0, 1164, 119),
(152, '', '', 1397230088, '123.98.113.86', 1397230088, '123.98.113.86', 0, 1, 0, 12807, 1889);

-- --------------------------------------------------------

--
-- 表的结构 `user_friends`
--

CREATE TABLE IF NOT EXISTS `user_friends` (
  `user_id` int(10) unsigned NOT NULL,
  `friend_id` int(10) unsigned NOT NULL,
  `send_power_time` int(10) unsigned NOT NULL,
  `is_challenging` tinyint(4) NOT NULL DEFAULT '0',
  PRIMARY KEY (`user_id`,`friend_id`) COMMENT '用户好友列表',
  KEY `user_id` (`user_id`)
) ENGINE=MyISAM DEFAULT CHARSET=utf8 COMMENT='用户好友表,记录数较少的设计';

--
-- 转存表中的数据 `user_friends`
--

INSERT INTO `user_friends` (`user_id`, `friend_id`, `send_power_time`, `is_challenging`) VALUES
(8, 2, 1394871239, 0),
(2, 8, 0, 0),
(8, 3, 0, 0),
(3, 8, 0, 0),
(8, 4, 1394871244, 0),
(4, 8, 0, 0),
(8, 6, 1394686094, 0),
(6, 8, 0, 0),
(8, 9, 0, 0),
(9, 8, 0, 0),
(8, 11, 0, 0),
(11, 8, 1394869472, 0),
(13, 11, 1394872258, 0),
(11, 13, 0, 0),
(13, 12, 0, 0),
(12, 13, 0, 0),
(12, 14, 1395062699, 0),
(14, 12, 1395127871, 0),
(14, 17, 1395114712, 0),
(17, 14, 0, 0),
(20, 18, 1395201253, 0),
(18, 20, 1395210273, 0),
(14, 19, 1395244821, 0),
(19, 14, 1395201584, 0),
(19, 18, 1395201192, 0),
(18, 19, 1395210276, 0),
(22, 23, 1396966779, 0),
(23, 22, 1396094690, 0),
(22, 28, 1396966781, 0),
(28, 22, 0, 0),
(22, 29, 1397202272, 1),
(29, 22, 0, 0),
(22, 30, 1396966782, 0),
(30, 22, 0, 0),
(36, 35, 1395389010, 0),
(35, 36, 1395388672, 0),
(22, 31, 1396966785, 0),
(31, 22, 0, 0),
(22, 40, 1396966789, 0),
(40, 22, 0, 0),
(22, 41, 1396966796, 0),
(41, 22, 0, 0),
(22, 39, 1396966787, 0),
(39, 22, 0, 0),
(22, 43, 1396966797, 0),
(43, 22, 1395501905, 0),
(54, 55, 1395923751, 0),
(55, 54, 0, 0),
(54, 56, 1395923756, 0),
(56, 54, 0, 0),
(54, 57, 1395923762, 0),
(57, 54, 0, 0),
(54, 60, 1395923776, 0),
(60, 54, 0, 0),
(54, 59, 1395923773, 0),
(59, 54, 0, 0),
(54, 58, 1395923767, 0),
(58, 54, 0, 0),
(22, 63, 1397202050, 1),
(63, 22, 0, 0),
(22, 64, 1396966799, 1),
(64, 22, 1396021015, 0),
(14, 22, 1396077199, 0),
(22, 14, 1396966778, 0),
(22, 65, 1396966775, 0),
(65, 22, 0, 0),
(22, 69, 1396966777, 0),
(69, 22, 0, 0),
(70, 22, 1396428752, 0),
(22, 70, 1396966773, 0),
(70, 79, 1396442497, 0),
(79, 70, 1396442485, 0),
(22, 73, 1397202093, 1),
(73, 22, 1396976191, 0);

-- --------------------------------------------------------

--
-- 表的结构 `user_invites`
--

CREATE TABLE IF NOT EXISTS `user_invites` (
  `invited_id` int(10) unsigned NOT NULL,
  `inviter_id` int(10) unsigned NOT NULL,
  PRIMARY KEY (`invited_id`,`inviter_id`)
) ENGINE=MyISAM DEFAULT CHARSET=utf8;

--
-- 转存表中的数据 `user_invites`
--

INSERT INTO `user_invites` (`invited_id`, `inviter_id`) VALUES
(1, 22),
(1, 36),
(2, 1),
(2, 14),
(2, 22),
(3, 22),
(4, 22),
(5, 22),
(6, 22),
(7, 22),
(8, 16),
(8, 17),
(8, 22),
(9, 22),
(10, 22),
(11, 22),
(12, 18),
(12, 22),
(13, 14),
(13, 22),
(16, 22),
(17, 19),
(17, 22),
(18, 22),
(19, 22),
(23, 28),
(23, 29),
(23, 54),
(36, 22),
(55, 73),
(136, 84);

-- --------------------------------------------------------

--
-- 表的结构 `user_mails`
--

CREATE TABLE IF NOT EXISTS `user_mails` (
  `mail_id` int(10) unsigned NOT NULL AUTO_INCREMENT COMMENT '邮件Id唯一',
  `mail_category` smallint(2) unsigned NOT NULL COMMENT '0.系统邮件,1.好友邮件,2.挑战邮件',
  `mail_type` smallint(5) unsigned NOT NULL COMMENT '1.送体力2.送钻石3.送金币4.送道具.5挑战请求.6挑战结果.7同意好友邀请',
  `mail_receiver_id` int(10) unsigned NOT NULL,
  `mail_sender_id` int(10) unsigned NOT NULL COMMENT '邮件发送者用户Id, 为0表示系统邮件',
  `value1` int(10) unsigned NOT NULL COMMENT '赠送金币,体力，钻石，道具： 数量                 	挑战请求: 挑战积分;            	挑战结果: 我的积分 ',
  `value2` int(10) unsigned NOT NULL COMMENT '赠送道具: 赠送数量;            	挑战结果：对方积分',
  `timestamp` int(10) unsigned NOT NULL COMMENT '邮件时间戳',
  PRIMARY KEY (`mail_id`),
  KEY `user_id` (`mail_receiver_id`,`mail_category`),
  KEY `challenge_request` (`mail_type`,`mail_receiver_id`,`mail_sender_id`)
) ENGINE=MyISAM  DEFAULT CHARSET=utf8 AUTO_INCREMENT=186 ;

--
-- 转存表中的数据 `user_mails`
--

INSERT INTO `user_mails` (`mail_id`, `mail_category`, `mail_type`, `mail_receiver_id`, `mail_sender_id`, `value1`, `value2`, `timestamp`) VALUES
(106, 1, 1, 39, 22, 1, 0, 1396245467),
(105, 1, 1, 31, 22, 1, 0, 1396245462),
(104, 1, 1, 30, 22, 1, 0, 1396245460),
(103, 1, 1, 29, 22, 1, 0, 1396245457),
(102, 1, 1, 28, 22, 1, 0, 1396245453),
(101, 1, 1, 23, 22, 1, 0, 1396245451),
(100, 1, 1, 14, 22, 1, 0, 1396245450),
(163, 2, 5, 73, 22, 2722, 0, 1396966637),
(98, 1, 1, 69, 22, 1, 0, 1396245445),
(97, 2, 5, 64, 22, 277, 0, 1396192383),
(96, 1, 1, 14, 22, 1, 0, 1396192350),
(95, 1, 1, 23, 22, 1, 0, 1396192348),
(94, 1, 1, 28, 22, 1, 0, 1396192346),
(93, 1, 1, 30, 22, 1, 0, 1396192343),
(92, 1, 1, 31, 22, 1, 0, 1396192341),
(91, 1, 1, 39, 22, 1, 0, 1396192338),
(90, 1, 1, 40, 22, 1, 0, 1396192336),
(89, 1, 1, 41, 22, 1, 0, 1396192334),
(88, 1, 1, 43, 22, 1, 0, 1396192331),
(87, 1, 1, 63, 22, 1, 0, 1396192329),
(86, 1, 1, 64, 22, 1, 0, 1396192325),
(161, 2, 6, 73, 22, 1643, 550, 1396966497),
(75, 1, 1, 64, 22, 1, 0, 1396084580),
(74, 1, 1, 63, 22, 1, 0, 1396084579),
(73, 1, 1, 43, 22, 1, 0, 1396084576),
(72, 1, 1, 41, 22, 1, 0, 1396084574),
(71, 1, 1, 40, 22, 1, 0, 1396084572),
(70, 1, 1, 31, 22, 1, 0, 1396084566),
(69, 1, 1, 30, 22, 1, 0, 1396084563),
(68, 1, 1, 28, 22, 1, 0, 1396084562),
(81, 1, 1, 69, 22, 1, 0, 1396108251),
(84, 1, 1, 69, 22, 1, 0, 1396192181),
(79, 1, 7, 69, 22, 1, 0, 1396101424),
(83, 1, 1, 29, 22, 1, 0, 1396192172),
(112, 2, 5, 63, 22, 331, 0, 1396245554),
(111, 1, 1, 64, 22, 1, 0, 1396245477),
(110, 1, 1, 63, 22, 1, 0, 1396245475),
(109, 1, 1, 43, 22, 1, 0, 1396245473),
(108, 1, 1, 41, 22, 1, 0, 1396245471),
(107, 1, 1, 40, 22, 1, 0, 1396245468),
(60, 1, 1, 39, 22, 1, 0, 1396083385),
(113, 1, 1, 63, 22, 1, 0, 1396366799),
(114, 1, 1, 63, 22, 1, 0, 1396400730),
(119, 1, 1, 70, 79, 1, 0, 1396442485),
(121, 1, 1, 29, 22, 1, 0, 1396470060),
(120, 1, 1, 79, 70, 1, 0, 1396442497),
(122, 1, 1, 69, 22, 1, 0, 1396470063),
(164, 1, 1, 63, 22, 1, 0, 1396966767),
(124, 1, 1, 14, 22, 1, 0, 1396470066),
(125, 1, 1, 23, 22, 1, 0, 1396470068),
(126, 1, 1, 28, 22, 1, 0, 1396470069),
(127, 1, 1, 30, 22, 1, 0, 1396470071),
(128, 1, 1, 31, 22, 1, 0, 1396470073),
(129, 1, 1, 64, 22, 1, 0, 1396470081),
(130, 1, 1, 43, 22, 1, 0, 1396470083),
(131, 1, 1, 41, 22, 1, 0, 1396470085),
(132, 1, 1, 40, 22, 1, 0, 1396470087),
(133, 1, 1, 39, 22, 1, 0, 1396470088),
(134, 1, 1, 69, 22, 1, 0, 1396638096),
(135, 1, 1, 70, 22, 1, 0, 1396638097),
(165, 1, 1, 29, 22, 1, 0, 1396966769),
(137, 1, 1, 14, 22, 1, 0, 1396638103),
(138, 1, 1, 23, 22, 1, 0, 1396638105),
(139, 1, 1, 28, 22, 1, 0, 1396638107),
(140, 1, 1, 30, 22, 1, 0, 1396638109),
(141, 1, 1, 31, 22, 1, 0, 1396638111),
(142, 1, 1, 40, 22, 1, 0, 1396638113),
(143, 1, 1, 39, 22, 1, 0, 1396638114),
(144, 1, 1, 41, 22, 1, 0, 1396638117),
(145, 1, 1, 43, 22, 1, 0, 1396638119),
(146, 1, 1, 64, 22, 1, 0, 1396638121),
(147, 1, 1, 63, 22, 1, 0, 1396638126),
(148, 1, 1, 29, 22, 1, 0, 1396638129),
(166, 1, 1, 70, 22, 1, 0, 1396966773),
(180, 1, 1, 73, 22, 1, 0, 1397015973),
(153, 1, 1, 63, 22, 1, 0, 1396768771),
(159, 1, 1, 70, 22, 1, 0, 1396879830),
(167, 1, 1, 65, 22, 1, 0, 1396966775),
(168, 1, 1, 69, 22, 1, 0, 1396966777),
(169, 1, 1, 14, 22, 1, 0, 1396966778),
(170, 1, 1, 23, 22, 1, 0, 1396966779),
(171, 1, 1, 28, 22, 1, 0, 1396966781),
(172, 1, 1, 30, 22, 1, 0, 1396966782),
(173, 1, 1, 31, 22, 1, 0, 1396966785),
(174, 1, 1, 39, 22, 1, 0, 1396966787),
(175, 1, 1, 40, 22, 1, 0, 1396966789),
(176, 1, 1, 41, 22, 1, 0, 1396966796),
(177, 1, 1, 43, 22, 1, 0, 1396966797),
(178, 1, 1, 64, 22, 1, 0, 1396966799),
(181, 1, 1, 73, 22, 1, 0, 1397145230),
(182, 1, 1, 63, 22, 1, 0, 1397202050),
(183, 1, 1, 73, 22, 1, 0, 1397202093),
(184, 2, 5, 29, 22, 23, 0, 1397202115),
(185, 1, 1, 29, 22, 1, 0, 1397202272);

/*!40101 SET CHARACTER_SET_CLIENT=@OLD_CHARACTER_SET_CLIENT */;
/*!40101 SET CHARACTER_SET_RESULTS=@OLD_CHARACTER_SET_RESULTS */;
/*!40101 SET COLLATION_CONNECTION=@OLD_COLLATION_CONNECTION */;
